Fundos;Setor;Liquidez Diária (R$);P/VP;Dividend Yield;Variação de Preço;Patrimônio Líquido;Num. Cotistas
AAGR11;INDEFINIDO;15.525,75;N/A;1,59 %;4,15 %;N/A;0
AAZQ11;INDEFINIDO;713.135,95;0,97;1,22 %;-1,37 %;207.913.726,16;30.985
ABCP11;SHOPPINGS;64.714,70;0,73;0,78 %;4,02 %;521.918.936,68;14.013
AFHI11;PAPÉIS;813.316,20;1,01;1,05 %;0,90 %;455.375.391,67;37.891
AGRX11;INDEFINIDO;259.774,10;0,86;1,44 %;2,51 %;185.308.539,73;19.281
AIEC11;LAJES CORPORATIVAS;676.159,05;0,77;0,63 %;1,92 %;368.872.369,34;13.081
AJFI11;SHOPPINGS;425.333,55;0,74;0,61 %;1,61 %;352.392.703,05;11.189
ALMI11;LAJES CORPORATIVAS;13.278,05;0,31;0,72 %;6,22 %;229.298.385,03;1.875
ALZC11;PAPÉIS;270.710,30;0,87;1,38 %;-0,64 %;181.472.797,04;10.335
ALZR11;MISTO;2.618.815,95;1,01;0,78 %;-0,09 %;1.299.853.108,46;182.932
APTO11;IMÓVEIS RESIDENCIAIS;49.531,55;0,86;0,93 %;1,77 %;45.116.014,44;7.938
APXM11;SHOPPINGS;821.921,68;0,62;0,56 %;-12,52 %;359.218.008,35;660
ARCT11;IMÓVEIS INDUSTRIAIS E LOGÍSTICOS;1.053.903,45;0,87;0,00 %;0,00 %;371.534.654,03;43.228
AROA11;IMÓVEIS INDUSTRIAIS E LOGÍSTICOS;4.756,65;1,17;0,68 %;1,90 %;159.780.518,57;5.286
ARRI11;PAPÉIS;313.806,75;0,80;1,35 %;-2,77 %;173.769.255,21;23.816
ARTE11;MISTO;N/A;N/A;0,00 %;0,00 %;88.855.137,68;749
ARXD11;PAPÉIS;61.557,35;0,86;1,14 %;2,19 %;80.485.317,22;1.973
ASMT11;LAJES CORPORATIVAS;12.484,00;0,41;1,12 %;-4,46 %;169.085.584,25;1
ASRF11;INDEFINIDO;32.921,92;1,03;0,00 %;0,00 %;42.625.448,46;94
ATSA11;SHOPPINGS;363,44;0,79;0,26 %;0,00 %;129.236.210,78;293
AURB11;IMÓVEIS COMERCIAIS - OUTROS;333.328,50;1,00;0,00 %;0,00 %;88.009.270,91;20
AZIN11;FIP-IE;666.579,20;N/A;1,38 %;-0,59 %;N/A;0
AZPE11;PAPÉIS;N/A;N/A;0,00 %;0,00 %;125.497.931,47;1
AZPL11;SERVIÇOS FINANCEIROS DIVERSOS;1.339.426,85;0,90;0,97 %;-0,39 %;360.072.051,42;5.610
BBFI11B;LAJES CORPORATIVAS;182.918,19;0,41;47,51 %;4,22 %;111.645.834,19;6.989
BBFO11;FUNDO DE FUNDOS;630.833,20;0,87;1,29 %;4,71 %;311.613.842,15;7.187
BBGO11;INDEFINIDO;543.025,40;0,83;1,20 %;15,35 %;378.538.052,20;12.238
BBIG11;SERVIÇOS FINANCEIROS DIVERSOS;1.549.771,50;0,77;1,12 %;4,81 %;967.278.322,55;36.346
BBIM11;PAPÉIS;N/A;N/A;0,00 %;0,00 %;667,50;20
BBRC11;AGÊNCIAS DE BANCOS;126.048,25;0,98;1,03 %;-0,95 %;167.125.202,99;8.766
BCIA11;FUNDO DE FUNDOS;652.115,80;0,92;0,89 %;8,29 %;390.115.306,41;20.383
BCRI11;PAPÉIS;661.048,60;0,80;1,09 %;0,00 %;532.350.894,57;42.020
BDIF11;INDEFINIDO;2.859.886,75;N/A;1,11 %;2,84 %;N/A;0
BDIV11;INDEFINIDO;424.465,45;N/A;3,86 %;3,47 %;N/A;0
BETW11;INDEFINIDO;N/A;N/A;0,00 %;0,00 %;275.601.828,83;2
BGRB11;LAJES CORPORATIVAS;5.436,00;0,88;0,68 %;0,00 %;230.003.135,56;374
BICE11;FUNDO DE FUNDOS;444,00;0,80;0,00 %;0,00 %;148.177.316,61;119
BICR11;PAPÉIS;72,00;0,86;1,02 %;-10,54 %;20.805.910,51;641
BIDB11;INDEFINIDO;389.143,30;N/A;1,24 %;1,17 %;N/A;0
BIME11;INDEFINIDO;43.205,15;0,77;1,22 %;3,97 %;49.511.624,30;8.088
BINC11;PAPÉIS;683.929,70;N/A;1,37 %;3,33 %;N/A;0
BINR11;INDEFINIDO;N/A;1,51;0,00 %;0,00 %;131.752.536,66;103
BIPD11;INDEFINIDO;430.358,00;1,03;0,00 %;0,00 %;106.291.014,29;111
BLCA11;INDEFINIDO;3.075,47;0,74;0,54 %;-3,08 %;206.516.850,86;456
BLMC11;PAPÉIS;150.671,33;1,34;0,00 %;0,00 %;118.155.565,38;8.102
BLMG11;IMÓVEIS INDUSTRIAIS E LOGÍSTICOS;247.454,85;0,71;1,14 %;0,84 %;229.152.779,61;13.295
BLMO11;LAJES CORPORATIVAS;1.895,64;0,89;0,45 %;0,00 %;98.258.504,70;288
BLMR11;FUNDO DE FUNDOS;1.157.702,33;0,11;0,00 %;0,00 %;118.155.565,38;8.102
BLOG11;MISTO;191,35;0,75;0,20 %;-6,82 %;346.922.775,80;105
BLUR11;PAPÉIS;228,00;1,00;0,00 %;0,00 %;6.851.720,42;1
BMLC11;LAJES CORPORATIVAS;11.888,58;0,91;0,69 %;0,00 %;113.081.780,08;1.229
BNFS11;AGÊNCIAS DE BANCOS;103.675,15;1,00;0,97 %;-2,67 %;48.728.898,70;5.506
BODB11;INDEFINIDO;1.458.116,75;N/A;1,10 %;2,52 %;N/A;0
BPFF11;FUNDO DE FUNDOS;512.062,00;0,88;0,00 %;0,00 %;279.190.787,97;20.101
BPLC11;MISTO;N/A;N/A;0,00 %;0,00 %;322.983.368,68;124
BPML11;SHOPPINGS;1.167.534,30;0,72;1,00 %;8,26 %;923.323.656,31;5.326
BPRP11;IMÓVEIS INDUSTRIAIS E LOGÍSTICOS;2.150,00;0,86;0,00 %;0,00 %;169.496.975,27;171
BRCO11;IMÓVEIS INDUSTRIAIS E LOGÍSTICOS;5.042.261,45;1,02;0,73 %;1,43 %;2.104.769.576,01;127.225
BRCR11;LAJES CORPORATIVAS;2.698.550,35;0,56;0,84 %;1,29 %;2.279.418.567,50;117.699
BREV11;LAJES CORPORATIVAS;532.138,00;1,65;0,55 %;0,32 %;118.155.565,38;8.102
BRFT11;MISTO;103.496,10;N/A;1,36 %;5,26 %;N/A;0
BRIM11;FUNDO DE DESENVOLVIMENTO;20.016,50;3,15;17,75 %;-7,27 %;10.853.886,11;709
BRIP11;FUNDO DE DESENVOLVIMENTO;10.775,00;0,75;6,19 %;0,00 %;119.752.387,50;421
BRIX11;INDEFINIDO;195.781,00;1,49;0,00 %;0,00 %;133.780.649,39;103
BRLA11;IMÓVEIS INDUSTRIAIS E LOGÍSTICOS;21.194,28;0,84;0,78 %;4,99 %;815.145.198,38;435
BROF11;LAJES CORPORATIVAS;567.057,90;0,55;0,93 %;5,96 %;1.278.987.378,80;10.486
BRZP11;N/A;966.944,60;N/A;0,50 %;5,98 %;N/A;0
BTAG11;INDEFINIDO;107.842,25;0,97;1,23 %;-4,30 %;47.711.114,43;2.895
BTAL11;IMÓVEIS INDUSTRIAIS E LOGÍSTICOS;764.584,30;0,77;1,09 %;2,44 %;693.765.025,57;38.037
BTCI11;PAPÉIS;2.797.956,75;0,92;0,99 %;0,11 %;1.006.839.692,63;203.083
BTCR11;PAPÉIS;571.148,00;1,38;0,98 %;-5,96 %;118.155.565,38;8.102
BTHF11;PAPÉIS;5.238.751,10;0,94;1,07 %;6,18 %;2.081.014.595,39;315.691
BTHI11;HOTÉIS;48.097,90;0,67;0,68 %;-1,40 %;600.036.051,92;1.697
BTHR11;HOTÉIS;N/A;N/A;0,00 %;0,00 %;339.305.070,75;24
BTLG11;IMÓVEIS INDUSTRIAIS E LOGÍSTICOS;16.774.612,60;0,99;0,78 %;-0,40 %;5.519.728.742,96;451.524
BTML11;LAJES CORPORATIVAS;N/A;0,80;0,00 %;0,00 %;144.584.994,58;1
BTRA11;FAZENDAS;375.444,60;0,52;1,23 %;7,15 %;376.363.788,90;11.922
BTSG11;IMÓVEIS INDUSTRIAIS E LOGÍSTICOS;146,00;0,94;0,00 %;0,00 %;120.950.379,37;106
BTSI11;MISTO;219,00;0,89;0,00 %;0,00 %;788.070.084,79;219
BTWR11;FUNDO DE DESENVOLVIMENTO;105,00;0,89;0,00 %;0,00 %;96.096.199,59;141
BTYU11;INCORPORAÇÕES;8.259,15;0,92;0,98 %;-7,04 %;303.877.179,03;597
BZEL11;MISTO;N/A;N/A;0,00 %;0,00 %;525.933.239,90;3
CACR11;PAPÉIS;2.516.130,15;0,84;1,41 %;6,47 %;458.809.658,24;27.015
CAFE11;MISTO;N/A;N/A;0,00 %;0,00 %;N/A;0
CARE11;MISTO;9.819,50;0,85;1,13 %;-2,63 %;249.230.298,63;11.700
CBOP11;LAJES CORPORATIVAS;18.481,85;0,56;0,42 %;15,68 %;102.022.216,20;2.082
CCME11;INDEFINIDO;256.696,80;0,86;0,92 %;-1,84 %;719.675.901,53;9.305
CCRF11;PAPÉIS;1.276,82;1,45;0,00 %;0,00 %;118.155.565,38;8.102
CCVA11;INDEFINIDO;159.202,27;0,96;0,00 %;0,00 %;64.461.973,21;1
CDII11;INDEFINIDO;8.402.615,30;N/A;1,21 %;-1,98 %;N/A;0
CEOC11;LAJES CORPORATIVAS;27.444,30;0,66;0,94 %;-0,35 %;123.226.075,81;3.776
CFHI11;FUNDO DE DESENVOLVIMENTO;40,00;0,76;0,00 %;0,00 %;2.514.034,94;96
CFII11;INDEFINIDO;153,60;1,06;0,00 %;0,00 %;92.070.552,43;102
CIXM11;MISTO;220.499,50;0,23;0,00 %;0,00 %;236.326.646,10;108
CJCT11;LAJES CORPORATIVAS;56.596,77;0,87;0,37 %;0,00 %;231.430.573,98;819
CLIN11;FUNDO DE FUNDOS;1.165.820,50;0,94;0,93 %;5,47 %;426.871.489,60;10.063
CNES11;LAJES CORPORATIVAS;71.874,75;0,26;0,16 %;0,00 %;220.346.856,00;80.526
COPP11;LAJES CORPORATIVAS;1.827.632,00;0,96;0,00 %;0,00 %;509.497.571,74;119
CORM11;LAJES CORPORATIVAS;N/A;N/A;0,90 %;-2,97 %;N/A;0
CPFO11;FUNDO DE FUNDOS;N/A;N/A;0,00 %;0,00 %;118.155.565,38;8.102
CPLG11;MISTO;14.400.344,70;1,13;1,02 %;-3,12 %;471.402.008,32;1.850
CPOF11;MISTO;25.766.405,94;1,03;0,00 %;0,00 %;509.497.571,74;119
CPSH11;INDEFINIDO;14.710.790,15;0,94;1,01 %;-1,27 %;925.132.009,40;30.426
CPTA11;FIAGRO;N/A;N/A;0,00 %;0,00 %;78.166.553,32;1.102
CPTI11;INDEFINIDO;2.851.231,60;N/A;1,27 %;3,66 %;N/A;0
CPTR11;INDEFINIDO;310.569,50;0,83;1,35 %;1,66 %;199.148.275,56;21.501
CPTS11;PAPÉIS;9.221.129,15;0,86;1,11 %;4,23 %;3.217.834.892,53;360.817
CPUR11;MISTO;813.273,20;1,09;0,94 %;-2,82 %;663.124.907,41;1.657
CRAA11;INDEFINIDO;973.006,20;0,99;1,26 %;6,68 %;241.764.627,58;10.866
CRFF11;FUNDO DE FUNDOS;19.823,45;0,88;0,83 %;4,08 %;60.138.241,01;1.179
CSMC11;INDEFINIDO;N/A;N/A;0,00 %;0,00 %;2.062.481.585,52;1
CTXT11;LAJES CORPORATIVAS;1.045,50;0,30;0,04 %;1,40 %;95.576.330,86;2.190
CVPR11;INDEFINIDO;N/A;N/A;0,00 %;0,00 %;63.395.215,90;3
CXAG11;AGÊNCIAS DE BANCOS;155.867,20;0,69;0,91 %;3,43 %;231.116.685,67;11.535
CXCE11;LAJES CORPORATIVAS;18.978,80;0,66;1,14 %;2,54 %;107.905.417,91;2.915
CXCE11B;LAJES CORPORATIVAS;9.205,00;0,60;1,09 %;0,18 %;110.543.765,88;3.247
CXCI11;INDEFINIDO;103.787,10;0,83;1,02 %;1,23 %;181.146.099,51;5.446
CXCO11;LAJES CORPORATIVAS;158.099,45;0,75;1,05 %;5,08 %;374.665.086,21;12.261
CXRI11;FUNDO DE FUNDOS;23.625,30;0,77;0,90 %;0,88 %;137.430.479,15;1.757
CXTL11;IMÓVEIS INDUSTRIAIS E LOGÍSTICOS;2.913,88;0,82;0,20 %;-11,06 %;22.249.360,54;579
CYCR11;INDEFINIDO;801.657,95;0,96;1,14 %;4,97 %;345.067.610,05;17.487
DAMA11;MISTO;5.178,15;0,90;0,99 %;3,54 %;46.225.405,46;145
DAMT11B;SHOPPINGS;23,00;0,79;0,00 %;0,00 %;257.418.842,39;541
DAYM11;LAJES CORPORATIVAS;5.508,50;0,40;0,89 %;7,79 %;169.980.327,08;856
DCRA11;INDEFINIDO;121.584,35;0,73;1,18 %;2,98 %;66.705.870,24;14.922
DEVA11;PAPÉIS;1.141.308,50;0,25;1,18 %;-5,08 %;1.377.513.358,51;80.230
DIVS11;FI-INFRA;835.867,30;N/A;1,15 %;4,11 %;N/A;0
DLMT11;VAREJO;N/A;N/A;0,00 %;0,00 %;6.801.386,29;9
DPRO11;INDEFINIDO;1.067,80;0,67;0,94 %;0,63 %;45.703.311,18;767
DRIT11B;LAJES CORPORATIVAS;1.547,00;0,62;0,63 %;17,70 %;60.485.010,41;348
DVFF11;FUNDO DE FUNDOS;113.203,15;0,67;1,10 %;-1,34 %;97.225.019,73;2.046
EDFO11B;LAJES CORPORATIVAS;7.938,50;0,56;0,42 %;-0,22 %;49.670.858,85;490
EDGA11;LAJES CORPORATIVAS;6.965,65;0,30;0,42 %;5,04 %;172.041.415,17;3.750
EDGE11;PAPÉIS;1.071,00;0,89;7,20 %;0,00 %;13.821.543,99;126
EGAF11;INDEFINIDO;1.024.720,05;1,00;1,43 %;5,10 %;310.566.681,57;12.026
EIRA11;OUTROS;9.324,54;0,98;1,19 %;0,10 %;21.104.117,53;123
EMET11;MISTO;4.810,20;0,97;1,01 %;-1,00 %;49.063.293,20;167
ENDD11;INDEFINIDO;403.058,70;N/A;4,80 %;9,27 %;N/A;0
EQIA11;FIAGRO;N/A;N/A;N/A;N/A;N/A;0
EQIR11;INDEFINIDO;140.730,80;0,89;1,16 %;9,24 %;105.010.036,57;9.776
ERCR11;VAREJO;N/A;1,37;0,00 %;0,00 %;27.326.418,45;9
ERPA11;LAJES CORPORATIVAS;10.751,70;0,77;0,73 %;0,00 %;82.907.027,88;844
ESUD11;INDEFINIDO;48.600,00;N/A;23,08 %;0,00 %;N/A;0
ESUT11;INDEFINIDO;20,00;N/A;210,90 %;0,00 %;N/A;0
ESUU11;INDEFINIDO;20,00;N/A;199,49 %;0,00 %;N/A;0
EURO11;IMÓVEIS INDUSTRIAIS E LOGÍSTICOS;34.025,85;0,81;0,63 %;10,30 %;152.651.217,53;1.995
EXES11;PAPÉIS;175.558,60;0,96;1,37 %;0,00 %;139.542.476,28;1.763
FAED11;EDUCACIONAL;83.299,15;0,73;1,07 %;5,18 %;153.986.723,98;4.001
FAMB11B;LAJES CORPORATIVAS;47.041,93;0,18;0,00 %;0,00 %;424.524.340,32;2.173
FAOE11;INDEFINIDO;N/A;14,53;0,00 %;0,00 %;118.155.565,38;8.102
FATN11;LAJES CORPORATIVAS;1.763.350,50;0,90;0,90 %;2,85 %;563.056.512,33;25.165
FCFL11;EDUCACIONAL;75.571,00;1,03;0,71 %;0,91 %;425.797.052,60;2.935
FGAA11;INDEFINIDO;1.345.476,15;0,98;1,28 %;1,52 %;424.503.503,27;52.508
FIGS11;SHOPPINGS;284.591,05;0,70;0,97 %;5,66 %;199.936.533,70;11.631
FIIB11;IMÓVEIS INDUSTRIAIS E LOGÍSTICOS;440.927,00;0,81;0,65 %;0,00 %;403.833.488,36;14.875
FIIP11;IMÓVEIS INDUSTRIAIS E LOGÍSTICOS;643.310,35;0,71;0,94 %;-5,82 %;185.094.220,85;6.000
FIIP11B;IMÓVEIS INDUSTRIAIS E LOGÍSTICOS;1.172,80;0,73;0,96 %;-1,78 %;184.360.354,72;6.586
FISC11;LAJES CORPORATIVAS;1.416,44;0,61;0,83 %;0,00 %;188.745.533,56;223
FLCR11;PAPÉIS;118.257,10;1,00;1,14 %;0,71 %;71.122.415,86;2.802
FLFL11;FUNDO DE DESENVOLVIMENTO;N/A;N/A;0,00 %;0,00 %;475.949.062,69;1
FLMA11;LAJES CORPORATIVAS;60.966,60;0,64;0,66 %;-0,49 %;345.467.420,77;11.230
FLRP11;SHOPPINGS;17.905,50;0,98;0,71 %;-1,21 %;159.802.584,35;1.931
FMOF11;LAJES CORPORATIVAS;5.169,50;0,86;3,69 %;-6,06 %;23.548.189,15;406
FPAB11;LAJES CORPORATIVAS;7.030,27;0,59;0,82 %;3,53 %;268.762.408,54;672
FPOR11;FIP-IE;41,00;N/A;0,00 %;0,00 %;N/A;0
FRHY11;INDEFINIDO;N/A;N/A;0,00 %;0,00 %;1.078.428,51;7
FTCA11;INDEFINIDO;110.943,55;0,92;0,00 %;0,00 %;47.190.949,35;7.713
FVPQ11;SHOPPINGS;108.580,05;0,73;0,56 %;-9,62 %;262.606.163,61;3.639
FYTO11;PAPÉIS;191.026,85;0,88;1,22 %;0,23 %;151.336.029,61;10.527
FZDA11;INDEFINIDO;4.525,70;0,68;3,40 %;-0,69 %;281.727.178,97;285
FZDB11;INDEFINIDO;1.268,50;0,81;3,32 %;21,43 %;640.790.022,82;120
GAME11;INDEFINIDO;137.920,95;0,93;1,09 %;-1,19 %;278.476.743,50;21.269
GARE11;IMÓVEIS INDUSTRIAIS E LOGÍSTICOS;13.865.895,90;0,90;0,94 %;-2,98 %;2.753.589.125,34;456.459
GCOI11;INDEFINIDO;27.690,00;0,99;0,00 %;0,00 %;8.348.979,92;384
GCRA11;INDEFINIDO;202.147,40;0,65;1,22 %;1,09 %;147.295.800,59;6.861
GCRI11;PAPÉIS;183.516,20;0,74;1,21 %;5,06 %;131.749.955,08;4.207
GESE11B;EDUCACIONAL;N/A;23,82;0,00 %;0,00 %;118.155.565,38;8.102
GFDL11;LOGÍSTICA;13.462,65;1,13;0,15 %;0,00 %;25.100.255,39;1.762
GGRC11;IMÓVEIS INDUSTRIAIS E LOGÍSTICOS;10.236.760,05;0,90;1,00 %;1,21 %;2.400.934.581,34;290.631
GLCR11;PAPÉIS;7.268,28;0,99;0,90 %;0,00 %;36.528.580,97;832
GLOG11;IMÓVEIS INDUSTRIAIS E LOGÍSTICOS;553.732,30;0,65;0,61 %;2,69 %;81.622.819,25;1.714
GLPF11;LOGÍSTICA;39.668,65;1,03;0,85 %;0,19 %;153.821.916,10;2.445
GRUL11;LOGÍSTICA;340.665,50;0,94;0,87 %;0,77 %;236.005.332,99;4.952
GRWA11;INDEFINIDO;7.638,65;0,77;1,22 %;-0,36 %;28.394.819,73;2.091
GSFI11;SHOPPINGS;5.056.849,40;0,87;0,03 %;0,00 %;1.211.655.059,83;6.370
GTLG11;IMÓVEIS INDUSTRIAIS E LOGÍSTICOS;22.885,25;1,00;0,00 %;0,00 %;118.155.565,38;8.102
GTWR11;LAJES CORPORATIVAS;928.476,55;0,82;1,07 %;1,19 %;1.216.981.053,03;33.833
GURB11;INDEFINIDO;5.000.076,00;0,85;0,65 %;0,00 %;144.584.994,58;1
GZIT11;INDEFINIDO;771.557,75;0,54;1,61 %;3,89 %;1.985.504.216,85;7.723
HABT11;PAPÉIS;1.295.282,10;0,80;1,20 %;3,68 %;775.251.056,63;2
HBCR11;INDEFINIDO;1.500.848,82;1,18;0,11 %;0,00 %;187.994.947,47;46
HBRH11;LAJES CORPORATIVAS;14.627,00;0,80;0,55 %;1,00 %;316.852.348,31;720
HCHG11;PAPÉIS;58.895,82;0,94;0,87 %;2,34 %;106.446.443,91;547
HCRA11;INDEFINIDO;0,83;0,15;145,30 %;2,20 %;48.323.751,87;113
HCRI11;HOSPITALAR;39.711,80;1,10;1,06 %;9,53 %;55.242.140,65;3.003
HCTR11;PAPÉIS;1.194.788,25;0,20;1,26 %;-1,61 %;2.336.448.804,37;130.689
HDEL11;IMÓVEIS INDUSTRIAIS E LOGÍSTICOS;8.885,80;1,13;0,00 %;0,00 %;75.330.409,11;108
HFOF11;FUNDO DE FUNDOS;2.955.028,65;0,86;0,86 %;5,58 %;1.797.051.961,82;96.722
HGAG11;INDEFINIDO;672,56;0,54;0,94 %;-8,63 %;5.798.174,62;1.013
HGBL11;MISTO;636.357,50;1,01;0,78 %;-2,54 %;245.881.817,07;4.599
HGBS11;SHOPPINGS;4.375.561,00;0,97;0,80 %;0,00 %;2.668.558.839,35;149.239
HGCR11;PAPÉIS;3.859.461,00;0,98;0,96 %;0,87 %;1.517.657.790,44;103.592
HGIC11;PAPÉIS;3.597,45;0,61;0,84 %;6,27 %;50.702.131,65;659
HGLG11;IMÓVEIS INDUSTRIAIS E LOGÍSTICOS;14.789.694,70;0,95;0,70 %;-0,03 %;7.056.514.999,00;536.031
HGPO11;LAJES CORPORATIVAS;251.851,75;0,99;48,22 %;5,05 %;265.046.845,77;8.902
HGRE11;LAJES CORPORATIVAS;3.091.695,60;0,84;0,69 %;0,02 %;1.744.664.843,62;142.846
HGRU11;MISTO;6.993.548,85;0,98;0,74 %;2,33 %;3.003.875.760,70;230.224
HILG11;INDEFINIDO;186,67;0,70;0,00 %;0,00 %;138.480.323,53;104
HLOG11;IMÓVEIS INDUSTRIAIS E LOGÍSTICOS;55.433,60;0,77;0,75 %;0,76 %;509.445.289,83;4.150
HOFC11;LAJES CORPORATIVAS;122.988,15;0,55;0,65 %;75,72 %;217.884.685,99;4.490
HOSI11;IMÓVEIS RESIDENCIAIS;8.887,20;0,69;0,30 %;0,00 %;69.477.364,30;1.085
HPDP11;SHOPPINGS;948.484,95;0,93;0,64 %;-4,86 %;317.997.477,13;386
HRDF11;FUNDO DE DESENVOLVIMENTO;651,23;0,40;0,00 %;0,00 %;13.205.037,58;855
HREC11;PAPÉIS;361.027,60;0,97;0,96 %;2,08 %;459.058.454,12;2.464
HRES11;IMÓVEIS RESIDENCIAIS;2.140.733,00;1,12;0,00 %;0,00 %;59.141.811,43;137
HSAF11;PAPÉIS;1.742.883,45;0,91;1,19 %;-1,12 %;225.736.711,97;8.745
HSLG11;IMÓVEIS INDUSTRIAIS E LOGÍSTICOS;862.958,25;0,85;0,79 %;-0,63 %;1.390.517.364,56;40.289
HSML11;SHOPPINGS;4.497.154,90;0,89;0,76 %;0,04 %;2.206.058.241,15;184.556
HSRE11;MISTO;32.989,05;1,15;0,79 %;1,41 %;779.956.729,70;413
HTMX11;HOTÉIS;704.022,20;0,91;0,70 %;-4,61 %;433.196.629,78;34.944
HUCG11;HOSPITALAR;3.132,69;0,74;0,83 %;7,97 %;143.721.908,37;235
HUSC11;HOSPITALAR;2.417,00;0,64;1,07 %;-1,92 %;128.412.326,31;752
HUSI11;HOSPITALAR;1.220,00;0,98;0,00 %;0,00 %;145.541.572,75;100
HYPI11;OUTROS;363,00;60,79;0,00 %;0,00 %;3.881.671,48;109
IAAG11;INDEFINIDO;235.375,90;0,89;1,46 %;0,00 %;102.752.875,67;13.432
IAGR11;INDEFINIDO;10.369,70;0,73;0,15 %;-3,18 %;16.958.985,37;3.477
IBBP11;IMÓVEIS INDUSTRIAIS E LOGÍSTICOS;33.935,60;0,85;0,87 %;-5,56 %;528.217.074,42;925
IBCR11;PAPÉIS;418.391,05;0,56;1,20 %;2,11 %;86.572.256,21;4.077
ICNE11;IMÓVEIS RESIDENCIAIS;9.994.415,00;1,16;0,00 %;0,00 %;79.623.368,87;6
ICRI11;MISTO;1.186.911,25;0,92;1,00 %;4,51 %;393.195.721,40;10.988
IDFI11;INDEFINIDO;2.592,80;1,25;78,04 %;-54,34 %;3.283.391,87;617
IDGR11;MISTO;332,83;16,67;5,99 %;-50,98 %;79.368,95;171
IDUA11;IMÓVEIS COMERCIAIS - OUTROS;N/A;1,16;0,00 %;0,00 %;22.266.518,37;1
IFRA11;INDEFINIDO;2.700.822,45;N/A;0,85 %;1,84 %;N/A;0
IFRI11;MISTO;2.306.599,85;N/A;1,34 %;2,29 %;N/A;0
IMOV11;INDEFINIDO;N/A;N/A;0,00 %;0,00 %;504.121.023,09;13.027
INFA11;OUTROS;N/A;N/A;0,00 %;0,00 %;N/A;0
INFB11;INDEFINIDO;3.861,27;N/A;0,99 %;18,54 %;N/A;0
INLG11;IMÓVEIS INDUSTRIAIS E LOGÍSTICOS;232.456,20;0,73;0,76 %;0,51 %;478.585.896,50;15.723
INRD11;FUNDO DE DESENVOLVIMENTO;32.297,60;0,65;0,86 %;2,69 %;134.595.711,36;6.183
IRIF11;PAPÉIS;31.871,60;N/A;1,32 %;2,33 %;N/A;0
IRIM11;INDEFINIDO;6.324.762,20;0,76;1,02 %;-1,62 %;2.963.771.750,16;226.197
ISCJ11;PAPÉIS;10.174,00;0,30;3,56 %;21,77 %;32.247.797,88;69
ITIP11;PAPÉIS;49.695,45;0,95;1,04 %;0,71 %;52.402.893,53;7.699
ITIT11;FUNDO DE FUNDOS;101.543,25;0,90;0,84 %;4,06 %;73.276.908,35;9.362
ITRI11;SHOPPINGS;1.467.965,15;0,87;0,97 %;5,86 %;606.108.095,46;14.094
IVCI11;PAPÉIS;N/A;0,98;0,00 %;0,00 %;49.423.677,58;16
JASC11;IMÓVEIS COMERCIAIS - OUTROS;988,00;0,87;0,70 %;-2,89 %;441.203.809,79;165
JBFO11;PAPÉIS;82,00;1,94;0,00 %;0,00 %;9.919.792,95;369
JCCJ11;PAPÉIS;23.175,88;0,82;1,12 %;8,20 %;945.412.613,24;249
JCIN11;FUNDO DE FUNDOS;9.973.769,00;0,82;0,00 %;0,00 %;239.367.985,58;3
JFLL11;IMÓVEIS RESIDENCIAIS;79.321,85;0,68;0,31 %;-3,84 %;140.709.122,42;2.348
JGPX11;INDEFINIDO;440.313,50;0,74;1,55 %;-4,26 %;206.509.327,52;5.752
JMBI11;OUTROS;1.208.341,50;N/A;1,54 %;6,01 %;N/A;0
JPPA11;PAPÉIS;140.776,40;0,85;1,22 %;5,47 %;90.532.943,78;6.267
JSAF11;FUNDO DE FUNDOS;1.945.818,85;0,85;0,99 %;3,99 %;731.999.476,13;24.632
JSCR11;PAPÉIS;409.050,55;0,90;1,11 %;3,26 %;209.843.213,15;3.428
JSRE11;MISTO;3.528.761,95;0,64;0,69 %;4,89 %;2.153.572.277,86;86.464
JURO11;INDEFINIDO;4.673.210,60;N/A;0,95 %;1,62 %;N/A;0
KCRE11;INDEFINIDO;511.999,75;0,93;0,89 %;2,39 %;341.571.113,81;16.208
KDIF11;INDEFINIDO;3.845.661,10;N/A;1,11 %;-1,28 %;N/A;0
KDOL11;MISTO;74.555,70;0,96;0,50 %;-2,97 %;63.896.868,33;1.671
KEVE11;FUNDO DE DESENVOLVIMENTO;2.285,17;1,54;0,00 %;0,00 %;59.450.216,25;433
KFEN11;INDEFINIDO;1.571,43;1,16;0,00 %;0,00 %;169.349.954,18;129
KFOF11;FUNDO DE FUNDOS;1.590.399,40;0,90;0,92 %;-0,11 %;660.287.769,63;30.314
KINP11;FUNDO DE DESENVOLVIMENTO;38.394,20;0,16;0,00 %;0,00 %;118.155.565,38;8.102
KISU11;FUNDO DE FUNDOS;658.772,10;0,84;0,99 %;1,87 %;372.595.623,95;102.782
KIVO11;PAPÉIS;429.280,30;0,79;1,64 %;7,01 %;190.279.304,85;6.912
KNCA11;INDEFINIDO;3.628.037,70;0,95;1,10 %;2,77 %;2.195.303.553,45;83.243
KNCR11;PAPÉIS;20.819.060,25;1,04;1,12 %;-0,52 %;10.381.050.207,72;497.709
KNHF11;INDEFINIDO;4.610.504,90;0,97;1,01 %;3,36 %;1.987.081.877,35;60.087
KNHY11;PAPÉIS;4.328.246,15;1,01;0,96 %;-0,46 %;3.087.504.153,73;28.050
KNIP11;PAPÉIS;8.472.474,75;0,98;0,76 %;1,40 %;7.454.825.543,59;71.117
KNOX11;FIP-IE;363.157,85;N/A;2,77 %;3,59 %;N/A;0
KNPR11;INDEFINIDO;N/A;N/A;0,00 %;0,00 %;58.044.496,51;594
KNRE11;FUNDO DE DESENVOLVIMENTO;2.772,40;0,54;0,39 %;18,52 %;11.735.257,45;5.599
KNRI11;MISTO;6.708.623,20;1,01;0,53 %;7,67 %;4.622.495.428,16;305.827
KNSC11;PAPÉIS;5.940.461,00;1,03;0,98 %;4,09 %;1.778.215.373,83;256.013
KNUQ11;INDEFINIDO;5.129.321,80;1,04;1,23 %;0,14 %;2.178.960.704,85;49.101
KOPA11;INDEFINIDO;340.372,10;0,97;2,48 %;-12,48 %;220.414.507,79;3.364
KORE11;LAJES CORPORATIVAS;4.057.070,70;0,69;0,80 %;0,36 %;1.021.195.946,43;28.355
KRES11;MISTO;N/A;N/A;0,00 %;0,00 %;239.726.659,52;131
LAFI11;MISTO;3.133,50;1,03;0,00 %;0,00 %;87.990.625,08;1.268
LASC11;SHOPPINGS;7.866.760,00;0,86;0,67 %;3,21 %;387.970.605,22;540
LAVF11;INDEFINIDO;N/A;N/A;0,00 %;0,00 %;118.155.565,38;8.102
LFTT11;PAPÉIS;598.719,00;0,05;0,00 %;0,00 %;30.977.134,19;8
LIFE11;IMÓVEIS COMERCIAIS - OUTROS;1.006.204,50;0,90;1,34 %;4,81 %;396.710.585,75;19.601
LKDV11;PAPÉIS;765.465,00;0,98;0,00 %;0,00 %;73.593.293,39;101
LLAO11;MISTO;57,00;1,11;11,32 %;-2,11 %;18.538.748,42;78
LOFT11B;FUNDO DE DESENVOLVIMENTO;N/A;299,00;0,00 %;0,00 %;189.569,25;8
LPLP11;INDEFINIDO;2.323,93;0,99;0,05 %;42,86 %;231.881.277,79;40
LRDI11;INDEFINIDO;4.316,22;48,53;0,00 %;0,00 %;593.569,83;128
LSAG11;INDEFINIDO;159.407,60;0,90;1,17 %;6,12 %;99.178.472,11;2.635
LSOI11;MISTO;2.666.669,17;0,91;0,00 %;0,00 %;70.688.222,31;41
LSPA11;PAPÉIS;453,61;1,15;86,84 %;0,00 %;8.473.824,04;727
LTMT11;IMÓVEIS RESIDENCIAIS;27.934,00;1,05;8,80 %;0,00 %;14.638.146,65;224
LUGG11;IMÓVEIS RESIDENCIAIS;23.956,00;0,55;0,88 %;-3,20 %;132.968.746,75;7.962
LVBI11;IMÓVEIS INDUSTRIAIS E LOGÍSTICOS;3.622.083,80;0,91;0,67 %;-0,67 %;1.939.758.402,68;123.553
MANA11;INDEFINIDO;1.296.768,65;0,98;1,17 %;1,84 %;354.929.241,49;35.307
MATV11;INDEFINIDO;13.027,43;1,36;0,73 %;-1,41 %;118.155.565,38;8.102
MAXR11;VAREJO;381.963,90;0,67;0,85 %;3,19 %;104.932.239,66;3.836
MBRF11;LAJES CORPORATIVAS;N/A;N/A;0,00 %;0,00 %;N/A;0
MCCI11;PAPÉIS;5.835.055,00;0,98;1,09 %;4,76 %;1.622.624.386,69;115.648
MCEM11;SHOPPINGS;49.014,00;1,87;1,07 %;0,00 %;115.161.716,90;214
MCHF11;PAPÉIS;1.778.820,09;0,14;0,00 %;0,00 %;118.155.565,38;8.102
MCHY11;PAPÉIS;4.789.731,61;0,72;1,39 %;-12,22 %;1.060.212.799,64;93.666
MCLO11;IMÓVEIS INDUSTRIAIS E LOGÍSTICOS;680.038,32;0,73;0,94 %;1,20 %;1.707.269.495,82;228
MCRE11;PAPÉIS;3.579.664,10;0,93;1,14 %;-0,82 %;1.161.733.177,52;88.528
MFAI11;FUNDO DE FUNDOS;11.326,82;0,99;48,84 %;2,66 %;27.463.042,22;2.301
MFII11;FUNDO DE DESENVOLVIMENTO;1.850.447,10;0,79;1,30 %;5,22 %;660.593.212,39;32.407
MGCR11;PAPÉIS;259.145,59;0,15;0,00 %;0,00 %;118.155.565,38;8.102
MGFF11;FUNDO DE FUNDOS;2.558.695,75;1,10;0,00 %;0,00 %;118.155.565,38;8.102
MGHT11;HOTÉIS;10.087,75;0,64;0,42 %;-14,42 %;30.298.567,95;3.571
MGLG11;IMÓVEIS INDUSTRIAIS E LOGÍSTICOS;55.314,19;0,55;0,86 %;-3,60 %;116.088.485,68;3.712
MGRI11;INDEFINIDO;N/A;1,11;0,00 %;0,00 %;15.753.448,57;2
MINT11;EDUCACIONAL;2.171,20;0,99;15,20 %;-5,85 %;50.527.673,91;94
MMPD11;INDEFINIDO;N/A;N/A;0,00 %;0,00 %;59.260.693,66;102
MORE11;FUNDO DE FUNDOS;1.327.577,67;1,19;0,00 %;0,00 %;118.155.565,38;8.102
MXRF11;PAPÉIS;18.217.550,10;1,05;1,04 %;0,84 %;4.356.171.528,14;1.389.786
NAUI11;OUTROS;2.327.600,00;1,99;17,45 %;0,00 %;28.595.460,40;110
NAVT11;PAPÉIS;54.545,20;0,85;1,68 %;4,32 %;55.209.192,82;2.362
NCHB11;PAPÉIS;63.111,70;0,82;1,34 %;11,10 %;148.979.591,77;11.451
NCRI11;PAPÉIS;4.677,50;0,87;1,11 %;0,11 %;39.575.075,09;1.290
NELO11;LOGÍSTICA;N/A;N/A;0,00 %;0,00 %;391.234.276,23;2
NEWL11;IMÓVEIS INDUSTRIAIS E LOGÍSTICOS;6.836.239,25;0,89;0,85 %;1,78 %;367.481.120,99;9.720
NEWU11;LAJES CORPORATIVAS;13.838,13;1,29;0,23 %;1,91 %;61.037.190,96;1.055
NEXG11;AGRICULTURA;456.548,40;1,28;0,69 %;0,55 %;124.858.712,34;669
NSLU11;HOSPITALAR;138.794,20;1,20;0,83 %;-3,68 %;224.929.403,08;5.197
NUIF11;INDEFINIDO;245.373,25;N/A;1,15 %;3,19 %;N/A;0
NVHO11;HOSPITALAR;20.348,20;0,72;0,79 %;-8,79 %;686.598.261,05;1.731
NVIF11;FUNDO DE DESENVOLVIMENTO;N/A;0,67;0,00 %;0,00 %;115.045.746,19;7
NVIF11B;FUNDO DE DESENVOLVIMENTO;N/A;0,86;0,00 %;0,00 %;88.829.544,94;7
NVRP11;INDEFINIDO;13.600,00;N/A;0,00 %;0,00 %;N/A;0
OBAL11;IMÓVEIS RESIDENCIAIS;1.095,00;0,78;0,00 %;0,00 %;198.796.007,84;108
OCRE11;PAPÉIS;19.656,32;0,51;0,53 %;17,67 %;67.728.867,42;460
OGHY11;INDEFINIDO;22.847,10;0,14;0,00 %;0,00 %;118.155.565,38;8.102
OGIN11;MISTO;49.398,15;N/A;1,22 %;5,12 %;N/A;0
OIAG11;INDEFINIDO;189.976,65;0,95;1,27 %;6,07 %;87.706.556,33;13.544
ONDV11;EXPLORAÇÃO DE IMÓVEIS;5.317,50;0,72;1,22 %;0,00 %;100.838.108,98;393
ONEF11;LAJES CORPORATIVAS;114.431,47;3,13;0,00 %;0,00 %;118.155.565,38;8.102
OPTM11;MISTO;N/A;N/A;0,00 %;0,00 %;5.132.611,47;14
ORPD11;FUNDO DE DESENVOLVIMENTO;402,75;0,66;0,00 %;0,00 %;40.847.491,62;6
OUFF11;FUNDO DE FUNDOS;264.340,11;0,96;1,25 %;-1,44 %;118.155.565,38;8.102
OUJP11;PAPÉIS;665.172,80;0,83;1,19 %;12,23 %;329.847.779,77;26.062
OULG11;IMÓVEIS INDUSTRIAIS E LOGÍSTICOS;2.674,00;0,85;60,07 %;7,76 %;70.257.077,08;3.018
OURE11;MISTO;224.923,68;1,23;1,39 %;3,84 %;118.155.565,38;8.102
PABY11;FUNDO DE DESENVOLVIMENTO;916,50;0,23;N/A;N/A;-25.221.266,07;501
PATA11;MISTO;20.761,65;0,96;0,61 %;0,39 %;17.240.246,71;354
PATB11;LAJES CORPORATIVAS;N/A;N/A;0,00 %;0,00 %;843.716.726,11;1
PATC11;FUNDO DE DESENVOLVIMENTO;61.619,65;1,16;0,12 %;-2,10 %;119.236.076,84;4.590
PATL11;IMÓVEIS INDUSTRIAIS E LOGÍSTICOS;1.123.078,50;0,75;0,85 %;1,03 %;445.341.073,96;27.129
PCAS11;INDEFINIDO;N/A;N/A;0,00 %;0,00 %;262.799.972,57;100
PCIP11;PAPÉIS;4.593.370,05;0,90;0,97 %;0,70 %;1.580.648.458,95;113.201
PDBM11;SHOPPINGS;115,00;1,01;0,00 %;0,00 %;38.568.046,46;121
PEMA11;PAPÉIS;3.420,36;0,56;0,75 %;0,00 %;31.739.202,19;291
PFIN11;INDEFINIDO;1.477.227,20;N/A;1,09 %;7,13 %;N/A;0
PICE11;INDEFINIDO;104.539,50;N/A;1,39 %;6,04 %;N/A;0
PLAG11;INDEFINIDO;11.334.712,60;0,93;0,82 %;13,36 %;363.336.051,46;14.502
PLCA11;INDEFINIDO;99.966,55;0,82;1,28 %;13,18 %;53.849.437,29;2.433
PLCR11;PAPÉIS;864.020,00;0,94;0,00 %;0,00 %;175.914.246,15;14.034
PLOG11;IMÓVEIS INDUSTRIAIS E LOGÍSTICOS;70.165,04;0,63;0,99 %;2,01 %;79.648.071,76;3.284
PLRI11;PAPÉIS;3.360,15;0,41;2,14 %;-6,16 %;13.879.539,04;790
PMFO11;MISTO;74.989,75;0,99;0,00 %;0,00 %;89.730.578,08;197
PMIS11;MISTO;239.568,60;0,88;1,08 %;-3,75 %;139.542.314,39;6.702
PMLL11;SHOPPINGS;5.223.339,55;0,90;0,94 %;1,05 %;1.652.812.716,90;127.948
PNCR11;IMÓVEIS RESIDENCIAIS;350.700,00;0,98;0,00 %;0,00 %;23.037.047,12;112
PNDL11;FUNDO DE DESENVOLVIMENTO;38.680.800,00;1,19;0,00 %;0,00 %;145.021.247,08;50
PNPR11;FUNDO DE DESENVOLVIMENTO;5.000.064,00;1,32;25,23 %;0,00 %;32.692.830,57;16
PNRC11;INDEFINIDO;61,00;5,96;0,00 %;0,00 %;4.196.318,25;103
PORD11;PAPÉIS;942.438,20;0,85;1,22 %;0,74 %;356.108.225,50;46.634
PPEI11;INDEFINIDO;331.053,25;N/A;1,20 %;-1,55 %;N/A;0
PQAG11;IMÓVEIS INDUSTRIAIS E LOGÍSTICOS;1.104,94;0,98;0,87 %;-1,55 %;775.528.672,25;483
PQDP11;SHOPPINGS;211.675,95;54,66;0,65 %;-1,79 %;635.110.455,63;3.166
PRIF11;INDEFINIDO;82.158,72;N/A;0,00 %;0,00 %;N/A;0
PRSV11;LAJES CORPORATIVAS;23.547,35;0,28;0,00 %;0,00 %;29.576.576,23;790
PRTS11;SHOPPINGS;3.880.575.023,70;272,63;0,00 %;0,00 %;118.155.565,38;8.102
PSEC11;FUNDO DE FUNDOS;3.162.739,90;0,83;1,01 %;-0,28 %;1.400.215.464,61;82.421
PULV11;PAPÉIS;61.949,00;0,87;0,00 %;0,00 %;120.562.664,39;972
PVBI11;LAJES CORPORATIVAS;7.040.964,40;0,74;0,54 %;1,80 %;2.928.324.176,15;171.617
QAMI11;PAPÉIS;67.019,00;1,33;1,17 %;6,69 %;118.155.565,38;8.102
QIRI11;PAPÉIS;6.867,57;1,22;0,00 %;0,00 %;118.155.565,38;8.102
QNTS11;INDEFINIDO;N/A;N/A;0,00 %;0,00 %;243.102.842,27;136
RBCO11;LAJES CORPORATIVAS;N/A;N/A;0,00 %;0,00 %;N/A;0
RBDS11;FUNDO DE DESENVOLVIMENTO;231,29;0,11;12,63 %;0,00 %;2.382.864,30;805
RBFF11;FUNDO DE FUNDOS;404.215,20;0,81;0,00 %;0,00 %;246.824.698,52;25.342
RBFY11;IMÓVEIS RESIDENCIAIS;3.360,75;0,76;0,00 %;0,00 %;92.020.176,60;84
RBGS11;SHOPPINGS;N/A;0,45;0,62 %;-1,90 %;118.155.565,38;8.102
RBHG11;PAPÉIS;204.448,90;0,80;1,15 %;4,53 %;187.841.207,55;7.830
RBHY11;PAPÉIS;370.208,10;0,86;1,31 %;3,72 %;175.627.987,98;3.429
RBIF11;INDEFINIDO;272.832,10;N/A;1,22 %;3,46 %;N/A;0
RBIR11;FUNDO DE DESENVOLVIMENTO;229.645,65;1,05;2,84 %;0,14 %;132.766.535,36;1.520
RBLG11;IMÓVEIS INDUSTRIAIS E LOGÍSTICOS;722,22;0,88;0,00 %;0,00 %;42.119.441,23;238
RBOP11;LAJES CORPORATIVAS;13.202,75;0,28;0,27 %;-5,14 %;75.299.675,11;2.686
RBRD11;VAREJO;143.041,70;0,64;1,33 %;-0,60 %;120.054.419,87;7.519
RBRF11;FUNDO DE FUNDOS;2.739.709,00;0,76;0,00 %;0,00 %;1.172.603.582,62;111.834
RBRI11;FUNDO DE DESENVOLVIMENTO;3.206,00;1,34;0,00 %;0,00 %;67.763.463,84;136
RBRL11;IMÓVEIS INDUSTRIAIS E LOGÍSTICOS;1.449.699,20;0,89;0,80 %;0,90 %;683.820.593,22;15.952
RBRM11;FUNDO DE DESENVOLVIMENTO;N/A;17,88;0,00 %;0,00 %;2.860.101,93;54
RBRP11;LAJES CORPORATIVAS;6.551.852,55;0,66;0,73 %;-0,22 %;999.353.142,76;57.080
RBRR11;PAPÉIS;6.109.566,80;0,93;0,94 %;-2,41 %;1.512.540.596,20;136.021
RBRS11;FUNDO DE DESENVOLVIMENTO;15.039,56;0,38;0,33 %;-9,34 %;73.075.666,34;908
RBRX11;INDEFINIDO;5.700.826,75;0,88;1,08 %;3,33 %;1.419.327.066,03;117.613
RBRY11;PAPÉIS;6.822.890,30;1,03;1,18 %;-1,65 %;1.275.757.075,36;72.016
RBTS11;FUNDO DE DESENVOLVIMENTO;99,11;1,05;1,84 %;0,00 %;15.815.466,83;127
RBVA11;VAREJO;2.340.187,45;0,92;0,90 %;-3,66 %;1.674.994.889,34;91.071
RBVO11;PAPÉIS;1.143,43;0,95;106,30 %;-80,93 %;2.882.596,37;6.943
RCFF11;FUNDO DE FUNDOS;40,82;0,91;0,00 %;0,00 %;31.813.598,44;128
RCRB11;LAJES CORPORATIVAS;1.112.642,65;0,71;0,75 %;0,62 %;735.960.800,38;24.658
RDCI11;INDEFINIDO;N/A;N/A;0,00 %;0,00 %;251.184.400,01;128
RDIV11;OUTROS;7.735.786,00;1,18;0,00 %;0,00 %;221.911.297,87;141
RDLI11;LAJES CORPORATIVAS;1.156,77;0,79;14,11 %;13,99 %;211.962.217,28;239
RECD11;PAPÉIS;1.327,37;1,12;0,94 %;-11,00 %;37.531.915,67;424
RECM11;PAPÉIS;24.538,20;0,92;1,18 %;-2,64 %;77.832.869,49;880
RECR11;PAPÉIS;3.558.997,95;0,91;0,99 %;0,30 %;2.346.650.708,80;173.679
RECT11;LAJES CORPORATIVAS;839.309,10;0,43;1,16 %;-0,44 %;766.574.199,64;49.321
REIT11;PAPÉIS;120,83;0,33;0,00 %;0,00 %;7.916.791,81;62
RELG11;IMÓVEIS INDUSTRIAIS E LOGÍSTICOS;122.872,40;0,76;1,23 %;-1,14 %;114.013.451,14;4.103
RENV11;SERVIÇOS FINANCEIROS DIVERSOS;12.874,05;0,52;1,14 %;0,43 %;14.667.292,22;678
RFOF11;FUNDO DE FUNDOS;173.508,00;0,87;0,00 %;0,00 %;56.371.251,78;3.284
RIFF11;INDEFINIDO;291.197,30;N/A;0,08 %;-1,50 %;N/A;0
RINV11;INDEFINIDO;618.759,65;0,99;0,99 %;2,07 %;433.434.266,99;4.224
RMAI11;LAJES CORPORATIVAS;42.751,50;0,34;0,00 %;0,00 %;560.577.455,58;1.095
RNDP11;PAPÉIS;14.794,00;1,01;99,67 %;-5,64 %;4.329.855,96;1.292
RNGO11;LAJES CORPORATIVAS;90.099,00;0,64;0,92 %;1,42 %;223.034.610,02;6.892
ROOF11;FUNDO DE DESENVOLVIMENTO;350,00;1,17;0,00 %;0,00 %;23.180.810,88;80
RPRI11;PAPÉIS;401.771,95;0,87;1,00 %;5,52 %;348.988.500,73;4.459
RSPD11;FUNDO DE DESENVOLVIMENTO;244.263,61;1,02;11,25 %;-4,76 %;117.397.266,36;195
RURA11;INDEFINIDO;2.757.605,15;0,88;1,35 %;1,02 %;1.651.938.530,27;90.706
RVBI11;FUNDO DE FUNDOS;604.022,78;0,87;1,01 %;2,92 %;1.365.872.089,15;81.798
RZAG11;INDEFINIDO;2.073.831,25;0,95;1,27 %;-0,73 %;663.114.339,24;87.526
RZAK11;PAPÉIS;1.865.646,10;0,97;1,29 %;3,37 %;776.837.947,04;45.147
RZAT11;IMÓVEIS INDUSTRIAIS E LOGÍSTICOS;593.930,80;0,89;1,04 %;1,75 %;427.360.394,32;34.262
RZEO11;INDEFINIDO;3.610,00;1,01;0,00 %;0,00 %;586.225.599,21;155
RZLC11;PAPÉIS;1.395.203,80;1,01;1,23 %;-0,01 %;160.869.091,08;132
RZTR11;MISTO;3.866.612,85;1,03;1,01 %;0,56 %;1.765.815.892,73;150.513
RZZI11;MISTO;2.000.000,00;0,76;0,00 %;0,00 %;145.898.854,15;116
RZZR11;IMÓVEIS INDUSTRIAIS E LOGÍSTICOS;23.820,55;0,79;0,88 %;2,96 %;980.137.401,25;532
RZZV11;MISTO;105.000,00;0,88;0,00 %;0,00 %;206.956.936,54;131
SALI11;MISTO;N/A;N/A;0,00 %;0,00 %;7.493.922,78;2
SAPI11;MISTO;279.627,05;0,93;1,19 %;0,76 %;295.803.811,35;13.124
SARE11;MISTO;348.855,00;0,95;0,57 %;-1,50 %;464.915.874,22;26.586
SCPF11;SHOPPINGS;4.058,35;0,30;0,67 %;-36,10 %;41.525.145,71;4.231
SDIL11;IMÓVEIS INDUSTRIAIS E LOGÍSTICOS;1.030.917,86;1,01;0,76 %;2,04 %;612.048.658,06;63.292
SEED11;INDEFINIDO;200,00;1,09;0,00 %;0,00 %;147.788.152,52;131
SEQR11;MISTO;49.308,70;0,55;1,05 %;3,24 %;161.951.312,30;4.434
SHOP11;SHOPPINGS;55,00;1,76;0,00 %;0,00 %;76.879.523,04;93
SHPH11;SHOPPINGS;48.119,20;0,91;0,58 %;-3,44 %;630.214.428,54;2.063
SHPP11;SHOPPINGS;150,75;0,98;0,00 %;0,00 %;444.077.970,49;127
SHSO11;INDEFINIDO;N/A;N/A;0,00 %;0,00 %;118.155.565,38;8.102
SIGR11;INDEFINIDO;100,00;10,87;0,00 %;0,00 %;181.472.797,04;10.335
SJAU11;IMÓVEIS INDUSTRIAIS E LOGÍSTICOS;6.103,45;0,52;231,65 %;58,29 %;11.832.389,44;900
SMRE11;INCORPORAÇÕES;373.488,15;0,61;1,50 %;1,64 %;105.395.912,24;1.233
SNAG11;PAPÉIS;2.922.497,65;1,04;1,82 %;-2,57 %;626.251.460,36;120.451
SNCI11;PAPÉIS;1.064.035,15;0,89;1,14 %;5,84 %;414.645.157,57;36.122
SNEL11;FUNDO DE DESENVOLVIMENTO;3.135.427,20;1,04;1,17 %;-1,94 %;907.974.148,50;63.023
SNFF11;FUNDO DE FUNDOS;670.809,45;0,88;1,01 %;6,72 %;350.341.568,61;26.652
SNFZ11;MISTO;291.495,50;0,98;1,02 %;0,20 %;120.503.338,30;8.900
SNID11;INDEFINIDO;187.128,80;N/A;1,16 %;-1,58 %;N/A;0
SNLG11;IMÓVEIS INDUSTRIAIS E LOGÍSTICOS;40.770,00;2,43;8.400,00 %;-96,77 %;1.295.190,98;9.307
SNME11;INDEFINIDO;459.370,65;0,99;1,05 %;-3,46 %;71.040.830,61;6.361
SOFF11;MISTO;62,29;1,07;0,00 %;0,00 %;188.370.050,91;304
SOLR11;IMÓVEIS COMERCIAIS - OUTROS;4.931.882,00;1,14;0,00 %;0,00 %;60.177.955,40;28
SPDE11;INDEFINIDO;2.533,30;0,75;0,00 %;0,00 %;155.046.292,89;120
SPMO11;INDEFINIDO;59.902,00;0,95;0,00 %;0,00 %;233.856.020,32;15
SPTW11;LAJES CORPORATIVAS;101.081,50;0,74;1,08 %;12,43 %;97.411.115,51;17.537
SPVJ11;SHOPPINGS;N/A;N/A;0,00 %;0,00 %;153.858.012,48;24
SPXS11;INDEFINIDO;516.542,95;0,93;1,04 %;-3,08 %;192.157.833,33;20.060
SRVD11;INDEFINIDO;233,91;17,65;2,29 %;-9,79 %;15.907.185,35;106
STRX11;FUNDO DE DESENVOLVIMENTO;142,00;0,92;0,00 %;0,00 %;246.656.783,11;111
SURE11;INDEFINIDO;N/A;N/A;0,00 %;0,00 %;111.992.758,42;1
TCPF11;MISTO;N/A;0,39;0,00 %;0,00 %;30.273.863,83;48
TELM11;INDEFINIDO;17.610,65;1,01;1,00 %;0,00 %;30.726.451,92;256
TEPP11;LAJES CORPORATIVAS;3.029.964,70;0,96;0,86 %;0,69 %;474.282.194,02;33.980
TGAR11;FUNDO DE DESENVOLVIMENTO;12.895.513,15;0,71;0,91 %;-15,86 %;2.664.453.393,19;148.957
TJKB11;INDEFINIDO;95.557,25;0,89;1,13 %;-4,82 %;336.740.617,68;527
TMPS11;FUNDO DE FUNDOS;271.468,70;0,87;0,98 %;0,92 %;95.713.383,25;1.891
TOPP11;IMÓVEIS COMERCIAIS - OUTROS;878.443,75;0,69;1,12 %;1,38 %;484.804.819,37;4.830
TORD11;MISTO;40.092,10;0,05;0,33 %;-8,63 %;212.583.174,34;46.674
TRBL11;IMÓVEIS INDUSTRIAIS E LOGÍSTICOS;1.296.496,85;0,86;0,99 %;1,95 %;637.120.739,38;45.550
TRNT11;LAJES CORPORATIVAS;74.568,69;0,60;0,06 %;0,00 %;646.759.778,10;509
TRXB11;FUNDO DE DESENVOLVIMENTO;6.791.294,45;1,76;1,71 %;3,66 %;412.632.590,41;681
TRXF11;IMÓVEIS COMERCIAIS - OUTROS;24.686.185,05;0,92;0,97 %;-2,63 %;6.315.290.426,07;217.198
TRXY11;OUTROS;121.046,00;1,03;1,16 %;-2,06 %;149.644.175,35;1.173
TSER11;LAJES CORPORATIVAS;194,00;1,00;0,00 %;0,00 %;143.810.780,96;19
TVRI11;AGÊNCIAS DE BANCOS;1.209.206,05;0,95;1,01 %;3,43 %;1.661.003.760,44;60.159
URHF11;OUTROS;10.659,50;0,78;1,42 %;5,73 %;10.605.313,89;288
URPR11;PAPÉIS;923.220,90;0,37;0,90 %;2,36 %;1.211.591.957,57;63.411
VANG11;INDEFINIDO;5.804,00;N/A;0,00 %;0,00 %;N/A;0
VCJR11;PAPÉIS;2.339.471,65;0,86;1,09 %;-0,76 %;1.392.830.610,96;27.120
VCRA11;INDEFINIDO;505.755,70;0,66;1,39 %;6,32 %;471.684.496,95;9.840
VCRI11;PAPÉIS;274.735,35;0,81;1,15 %;5,41 %;195.880.735,45;13.304
VCRR11;IMÓVEIS RESIDENCIAIS;280.248,45;0,62;0,59 %;-0,63 %;210.104.780,98;3.038
VGHF11;MISTO;3.157.563,25;0,83;0,98 %;-0,83 %;1.427.805.141,77;385.437
VGIA11;INDEFINIDO;1.981.948,45;1,04;1,40 %;3,71 %;841.622.455,70;170.892
VGII11;TECIDOS. VESTUÁRIO E CALÇADOS;145,00;1,00;0,00 %;0,00 %;37.731.178,64;8
VGIP11;PAPÉIS;2.308.276,10;0,85;0,87 %;3,44 %;1.071.856.441,19;84.239
VGIR11;PAPÉIS;6.171.343,30;0,99;1,33 %;2,30 %;1.435.670.704,49;260.186
VGRI11;MISTO;846.415,40;0,96;1,38 %;4,43 %;306.517.192,48;24.841
VIDS11;FUNDO DE DESENVOLVIMENTO;N/A;1,15;0,00 %;0,00 %;75.513.802,97;199
VIFI11;FUNDO DE FUNDOS;30,26;0,87;1,01 %;-7,57 %;64.507.809,24;5.521
VIGT11;N/A;527.080,50;N/A;0,54 %;-1,16 %;N/A;0
VILG11;IMÓVEIS INDUSTRIAIS E LOGÍSTICOS;3.089.443,45;0,90;0,78 %;3,17 %;1.696.405.059,06;143.586
VINO11;LAJES CORPORATIVAS;1.238.819,95;0,56;0,82 %;7,39 %;819.496.800,53;134.415
VISC11;SHOPPINGS;6.389.251,20;0,92;0,77 %;0,24 %;3.403.322.070,34;339.164
VIUR11;MISTO;453.614,55;0,75;3,38 %;-0,97 %;209.608.141,81;39.844
VJFD11;PAPÉIS;2.664,00;0,87;0,00 %;0,00 %;833.052.436,88;103
VLIQ11;INDEFINIDO;N/A;N/A;0,00 %;0,00 %;118.155.565,38;8.102
VLOL11;LAJES CORPORATIVAS;160.238,13;1,38;0,00 %;0,00 %;118.155.565,38;8.102
VOTS11;PAPÉIS;1.097,95;0,85;0,89 %;3,82 %;77.620.296,77;545
VPPR11;LAJES CORPORATIVAS;133.796,70;0,54;0,53 %;-10,74 %;303.291.670,29;32.658
VRTA11;PAPÉIS;1.479.656,30;0,94;1,06 %;-3,15 %;1.321.245.056,17;106.622
VRTM11;MISTO;389.243,60;0,78;1,24 %;-1,62 %;441.883.961,50;11.992
VSEC11;PAPÉIS;2,50;0,00;0,00 %;0,00 %;118.155.565,38;8.102
VSHO11;SHOPPINGS;18.785,60;0,70;0,88 %;1,20 %;240.062.735,01;2.943
VSLH11;PAPÉIS;148.028,45;0,21;1,17 %;5,99 %;305.365.567,56;63.720
VTBL11;OUTROS;N/A;N/A;0,00 %;0,00 %;19.105.850,77;1
VTLT11;IMÓVEIS INDUSTRIAIS E LOGÍSTICOS;12.462.404,00;0,98;0,00 %;0,00 %;191.517.274,18;5.533
VTPL11;PAPÉIS;66,00;0,54;0,00 %;0,00 %;165.969.364,13;125
VVCO11;LAJES CORPORATIVAS;19.141,25;0,98;0,00 %;0,00 %;150.876.536,22;2.453
VVCR11;PAPÉIS;4.702,35;0,89;1,02 %;4,90 %;191.153.523,96;2.122
VVMR11;LAJES CORPORATIVAS;48.552,45;0,93;0,24 %;-0,01 %;252.781.460,68;542
VVPR11;MISTO;1.249.061,55;1,59;0,89 %;0,40 %;118.155.565,38;8.102
VVRI11;INDEFINIDO;1.277,92;0,99;0,00 %;0,00 %;129.030.638,73;149
VXXV11;FUNDO DE DESENVOLVIMENTO;30.357,30;1,41;0,00 %;0,00 %;246.695.794,24;11
WHGR11;INDEFINIDO;509.007,70;0,94;1,03 %;3,74 %;306.908.909,19;15.552
WPLZ11;SHOPPINGS;3.855,79;0,94;0,71 %;-5,45 %;64.675.247,66;1.523
WSEC11;INDEFINIDO;1.533,00;0,96;0,00 %;0,00 %;3.603.090,71;918
WTSP11B;MISTO;3.852,00;0,68;0,09 %;0,00 %;104.295.912,94;210
XPCA11;INDEFINIDO;1.148.795,00;0,89;1,39 %;1,89 %;441.475.753,43;93.945
XPCI11;PAPÉIS;2.744.152,70;0,93;1,02 %;3,86 %;777.897.521,06;77.302
XPCM11;LAJES CORPORATIVAS;37.549,60;0,42;0,20 %;-0,87 %;49.186.767,22;16.263
XPHT11;HOTÉIS;230.869,59;0,66;0,93 %;15,85 %;581.976.733,73;1.268
XPID11;INDEFINIDO;230.914,50;N/A;1,34 %;20,21 %;N/A;0
XPIE11;INDEFINIDO;1.655.302,25;N/A;1,76 %;3,23 %;N/A;0
XPIN11;IMÓVEIS INDUSTRIAIS E LOGÍSTICOS;1.018.876,10;0,69;1,06 %;-1,96 %;735.832.557,35;40.767
XPLG11;IMÓVEIS INDUSTRIAIS E LOGÍSTICOS;5.776.374,40;0,97;0,79 %;-1,73 %;4.230.330.397,37;335.719
XPML11;SHOPPINGS;20.126.991,30;1,00;0,83 %;0,95 %;6.493.770.567,45;656.376
XPPR11;LAJES CORPORATIVAS;78.639,38;0,21;0,53 %;-9,03 %;443.953.188,51;42.867
XPSF11;FUNDO DE FUNDOS;813.224,20;0,83;1,04 %;1,98 %;353.347.349,41;55.338
XTED11;LAJES CORPORATIVAS;17.641,88;0,68;N/A;N/A;67.378.204,04;4.098
YUFI11;FUNDO DE DESENVOLVIMENTO;15,00;0,33;0,00 %;0,00 %;22.427.511,97;57
YUFI11B;INDEFINIDO;N/A;N/A;0,00 %;0,00 %;N/A;0
ZAGH11;SERVIÇOS FINANCEIROS DIVERSOS;4.792,25;1,09;0,59 %;-1,19 %;81.184.562,28;477
ZAVC11;INDEFINIDO;54.394,80;0,89;1,31 %;-0,33 %;36.480.081,37;662
ZAVI11;INDEFINIDO;108.180,95;0,70;1,04 %;2,33 %;160.077.846,50;2.456
ZIFI11;FUNDO DE DESENVOLVIMENTO;1.289,80;0,51;0,00 %;0,00 %;83.462.409,14;88
